카테고리,오름명
대표 명소 오름,성산일출봉
대표 명소 오름,새별오름
대표 명소 오름,금오름
대표 명소 오름,다랑쉬오름
대표 명소 오름,용눈이오름
대표 명소 오름,군산오름
대표 명소 오름,백약이오름
대표 명소 오름,노꼬메오름
대표 명소 오름,아끈다랑쉬오름
대표 명소 오름,거문오름
대표 명소 오름,따라비오름
대표 명소 오름,검은오름
대표 명소 오름,새미오름
대표 명소 오름,수악오름
전망 좋은 오름,군산오름
전망 좋은 오름,금오름
전망 좋은 오름,새별오름
전망 좋은 오름,노꼬메오름
전망 좋은 오름,용눈이오름
전망 좋은 오름,다랑쉬오름
전망 좋은 오름,백약이오름
전망 좋은 오름,큰노꼬메오름
전망 좋은 오름,수악오름
전망 좋은 오름,붉은오름
전망 좋은 오름,서영오름
전망 좋은 오름,당오름
전망 좋은 오름,비치오름
전망 좋은 오름,모구리오름
숲속 트레킹 오름,사려니오름
숲속 트레킹 오름,절물오름
숲속 트레킹 오름,물찻오름
숲속 트레킹 오름,붉은오름
숲속 트레킹 오름,따라비오름
숲속 트레킹 오름,절산오름
숲속 트레킹 오름,왕이메오름
숲속 트레킹 오름,문석이오름
숲속 트레킹 오름,낭끼오름
숲속 트레킹 오름,동검은이오름
숲속 트레킹 오름,새미오름
숲속 트레킹 오름,선흘오름
가족 산책 오름,아끈다랑쉬오름
가족 산책 오름,오라오름
가족 산책 오름,가마오름
가족 산책 오름,개오름
가족 산책 오름,큰노꼬메오름
가족 산책 오름,알오름
가족 산책 오름,웃세오름
가족 산책 오름,남산봉
가족 산책 오름,도너리오름
가족 산책 오름,독자봉
가족 산책 오름,수악오름
계절 명소 오름,따라비오름
계절 명소 오름,갑선이오름
계절 명소 오름,붉은오름
계절 명소 오름,새별오름
계절 명소 오름,금오름
계절 명소 오름,사려니오름
계절 명소 오름,다랑쉬오름
계절 명소 오름,백약이오름
계절 명소 오름,군산오름
계절 명소 오름,아끈다랑쉬오름
계절 명소 오름,용눈이오름
계절 명소 오름,따라비남오름
계절 명소 오름,세미오름
계절 명소 오름,큰오름
